,PC.name,State.name,Candidate.Name,Candidate.Sex,Candidate.Category,Candidate.Age,Party.Abbreviation,Total.Votes.Polled,Position,Total.voters,Total_Electors,TOT_CONTESTANT,POLL.PERCENTAGE,Total.Persons,Total.HinduPersons,Total.Muslim.Persons,Sex Ratio (per 1000),Average Literacy,INCUMBENT_PARTY,Incumbency
1,Alipurduars,West Bengal,MANOHAR TIRKEY,M,ST,54,RSP,384890,1,934139,1229301,9,75.98944441,2819086,2087766,720033,942,74.78%,RSP,1
2,Alipurduars,West Bengal,PABAN KUMAR LAKRA,M,ST,56,AITC,272068,2,934139,1229301,9,75.98944441,2819086,2087766,720033,942,74.78%,RSP,0
3,Alipurduars,West Bengal,MANOJ TIGGA,M,ST,36,BJP,199843,3,934139,1229301,9,75.98944441,2819086,2087766,720033,942,74.78%,RSP,0
4,Alipurduars,West Bengal,JOACHIM BAXLA,M,ST,55,IND,18855,4,934139,1229301,9,75.98944441,2819086,2087766,720033,942,74.78%,RSP,0
5,Alipurduars,West Bengal,PAULDEXION KHARIYA,M,ST,55,IND,16856,5,934139,1229301,9,75.98944441,2819086,2087766,720033,942,74.78%,RSP,0
6,Alipurduars,West Bengal,ELIAS NARJINARY,M,ST,56,BSP,14155,6,934139,1229301,9,75.98944441,2819086,2087766,720033,942,74.78%,RSP,0
7,Alipurduars,West Bengal,BILKAN BARA,M,ST,62,SWJP,9659,7,934139,1229301,9,75.98944441,2819086,2087766,720033,942,74.78%,RSP,0
8,Alipurduars,West Bengal,THADDEUS LAKRA,M,ST,60,IND,8750,8,934139,1229301,9,75.98944441,2819086,2087766,720033,942,74.78%,RSP,0
9,Alipurduars,West Bengal,KAMAL LAMA,M,ST,49,IND,8658,9,934139,1229301,9,75.98944441,2819086,2087766,720033,942,74.78%,RSP,0
10,Arambagh,West Bengal,MALIK SAKTI MOHAN,M,SC,49,CPM,630254,1,1163372,1375377,5,84.58568087,5913457,5056953,620554,966,78%,CPM,1
11,Arambagh,West Bengal,SAMBHU NATH MALIK,M,SC,50,INC,428696,2,1163372,1375377,5,84.58568087,5913457,5056953,620554,966,78%,CPM,0
12,Arambagh,West Bengal,MURARI BERA,M,SC,43,BJP,57903,3,1163372,1375377,5,84.58568087,5913457,5056953,620554,966,78%,CPM,0
13,Arambagh,West Bengal,PARIMAL BISWAS,M,SC,27,BSP,24762,4,1163372,1375377,5,84.58568087,5913457,5056953,620554,966,78%,CPM,0
14,Arambagh,West Bengal,SUBIR KUMAR MAJHI,M,SC,31,JDP,21722,5,1163372,1375377,5,84.58568087,5913457,5056953,620554,966,78%,CPM,0
15,Asansol,West Bengal,BANSA GOPAL CHOWDHURY,M,GEN,49,CPM,435161,1,893775,1250052,7,71.49902564,7717563,6008472,1599764,NA,NA,CPM,1
16,Asansol,West Bengal,GHATAK MOLOY,M,GEN,52,AITC,362205,2,893775,1250052,7,71.49902564,7717563,6008472,1599764,NA,NA,CPM,0
17,Asansol,West Bengal,SURYYA RAY,M,GEN,71,BJP,49646,3,893775,1250052,7,71.49902564,7717563,6008472,1599764,NA,NA,CPM,0
18,Asansol,West Bengal,AJAY SINGH,M,GEN,32,BSP,14490,4,893775,1250052,7,71.49902564,7717563,6008472,1599764,NA,NA,CPM,0
19,Asansol,West Bengal,JYOTIRMOY MAITY,M,GEN,52,IND,13190,5,893775,1250052,7,71.49902564,7717563,6008472,1599764,NA,NA,CPM,0
20,Asansol,West Bengal,GOUTAM DAS,M,GEN,31,LJP,10181,6,893775,1250052,7,71.49902564,7717563,6008472,1599764,NA,NA,CPM,0
21,Asansol,West Bengal,JARASANDHA SINHA,M,SC,56,IND,8831,7,893775,1250052,7,71.49902564,7717563,6008472,1599764,NA,NA,CPM,0
22,Baharampur,West Bengal,ADHIR RANJAN CHOWDHURY,M,GEN,53,INC,541920,1,952232,1179938,8,80.70186739,7103807,2359061,4707573,958,66.59%,INC,1
23,Baharampur,West Bengal,PRAMOTHES MUKHERJEE,M,GEN,63,RSP,354943,2,952232,1179938,8,80.70186739,7103807,2359061,4707573,958,66.59%,INC,0
24,Baharampur,West Bengal,BIDYUT KUMAR HALDER,M,GEN,51,BJP,27619,3,952232,1179938,8,80.70186739,7103807,2359061,4707573,958,66.59%,INC,0
25,Baharampur,West Bengal,BAIDYA NATH MONDAL,M,GEN,51,IND,9195,4,952232,1179938,8,80.70186739,7103807,2359061,4707573,958,66.59%,INC,0
26,Baharampur,West Bengal,KUSHADHWAJ BALA(KUSH BALA),M,SC,35,BSP,8587,5,952232,1179938,8,80.70186739,7103807,2359061,4707573,958,66.59%,INC,0
27,Baharampur,West Bengal,GHOSH BABU SAW,M,GEN,40,RPI(A),3823,6,952232,1179938,8,80.70186739,7103807,2359061,4707573,958,66.59%,INC,0
28,Baharampur,West Bengal,ASHOKE KUMAR SINGHA,M,GEN,55,SP,3076,7,952232,1179938,8,80.70186739,7103807,2359061,4707573,958,66.59%,INC,0
29,Baharampur,West Bengal,RABINDRA NATH ROY,M,GEN,52,RDMP,3050,8,952232,1179938,8,80.70186739,7103807,2359061,4707573,958,66.59%,INC,0
30,Balurghat,West Bengal,PRASANTA KUMAR MAJUMDAR,M,GEN,68,RSP,388444,1,875956,1010224,8,86.7090863,1676276,1232850,412788,956,72.82%,RSP,1
31,Balurghat,West Bengal,BIPLAB MITRA,M,GEN,57,AITC,383339,2,875956,1010224,8,86.7090863,1676276,1232850,412788,956,72.82%,RSP,0
32,Balurghat,West Bengal,SUBHASH CHANDRA BARMAN,M,SC,50,BJP,59741,3,875956,1010224,8,86.7090863,1676276,1232850,412788,956,72.82%,RSP,0
33,Balurghat,West Bengal,GOBINDA HANSDA,M,ST,47,BSP,13977,4,875956,1010224,8,86.7090863,1676276,1232850,412788,956,72.82%,RSP,0
34,Balurghat,West Bengal,GHOSH MRIDUL,M,GEN,30,AUDF,10460,5,875956,1010224,8,86.7090863,1676276,1232850,412788,956,72.82%,RSP,0
35,Balurghat,West Bengal,SAMU SOREN,M,ST,48,IND,8182,6,875956,1010224,8,86.7090863,1676276,1232850,412788,956,72.82%,RSP,0
36,Balurghat,West Bengal,CHAMRU ORAM,M,ST,52,JMM,5722,7,875956,1010224,8,86.7090863,1676276,1232850,412788,956,72.82%,RSP,0
37,Balurghat,West Bengal,PRAHALLAD BARMAN,M,SC,32,IND,5495,8,875956,1010224,8,86.7090863,1676276,1232850,412788,956,72.82%,RSP,0
38,Bangaon,West Bengal,GOBINDA CHANDRA NASKAR,M,SC,67,AITC,546596,1,1078340,1246979,7,86.47619567,10009781,7352769,2584684,955,84.06%,NA,0
39,Bangaon,West Bengal,ASIM BALA,M,SC,67,CPM,453770,2,1078340,1246979,7,86.47619567,10009781,7352769,2584684,955,84.06%,NA,0
40,Bangaon,West Bengal,KRISHNAPADA MAJUMDER,M,SC,57,BJP,42610,3,1078340,1246979,7,86.47619567,10009781,7352769,2584684,955,84.06%,NA,0
41,Bangaon,West Bengal,PRANITA ROY,F,SC,49,BSP,17178,4,1078340,1246979,7,86.47619567,10009781,7352769,2584684,955,84.06%,NA,0
42,Bangaon,West Bengal,NISHIKANTA BISWAS,M,SC,65,IND,7550,5,1078340,1246979,7,86.47619567,10009781,7352769,2584684,955,84.06%,NA,0
43,Bangaon,West Bengal,SUKRITI RANJAN BISWAS,M,SC,54,RPI(A),5974,6,1078340,1246979,7,86.47619567,10009781,7352769,2584684,955,84.06%,NA,0
44,Bangaon,West Bengal,PROBIR KUMAR SARKAR,M,SC,46,LJP,4557,7,1078340,1246979,7,86.47619567,10009781,7352769,2584684,955,84.06%,NA,0
45,Bankura,West Bengal,ACHARIA BASUDEB,M,GEN,67,CPM,469223,1,984935,1268563,11,77.64178839,2930115,2373120,227249,957,64.48%,CPM,1
46,Bankura,West Bengal,SUBRATA MUKHERJEE,M,GEN,63,INC,361421,2,984935,1268563,11,77.64178839,2930115,2373120,227249,957,64.48%,CPM,0
47,Bankura,West Bengal,RAHUL (BISWAJIT) SINHA,M,GEN,45,BJP,42660,3,984935,1268563,11,77.64178839,2930115,2373120,227249,957,64.48%,CPM,0
48,Bankura,West Bengal,LAKSHMI SARKAR,F,GEN,54,IND,27469,4,984935,1268563,11,77.64178839,2930115,2373120,227249,957,64.48%,CPM,0
49,Bankura,West Bengal,PRABIR BANERJEE,M,GEN,36,IND,22645,5,984935,1268563,11,77.64178839,2930115,2373120,227249,957,64.48%,CPM,0
50,Bankura,West Bengal,PARESH MARANDI,M,ST,54,JMM,19440,6,984935,1268563,11,77.64178839,2930115,2373120,227249,957,64.48%,CPM,0
51,Bankura,West Bengal,ASWINI DULEY,M,SC,51,JKP(N),13132,7,984935,1268563,11,77.64178839,2930115,2373120,227249,957,64.48%,CPM,0
52,Bankura,West Bengal,GANESH RAY,M,SC,34,BSP,11083,8,984935,1268563,11,77.64178839,2930115,2373120,227249,957,64.48%,CPM,0
53,Bankura,West Bengal,SUDHIR KUMAR MURMU,M,ST,40,CPI(ML)(L),8007,9,984935,1268563,11,77.64178839,2930115,2373120,227249,957,64.48%,CPM,0
54,Bankura,West Bengal,BYASDEB CHAKRABORTTY,M,GEN,37,JD(U),5554,10,984935,1268563,11,77.64178839,2930115,2373120,227249,957,64.48%,CPM,0
55,Bankura,West Bengal,TAPAN KUMAR PATHAK,M,GEN,27,RDMP,3970,11,984935,1268563,11,77.64178839,2930115,2373120,227249,957,64.48%,CPM,0
56,Barasat,West Bengal,KAKALI GHOSH DASTIDAR,F,GEN,49,AITC,522530,1,1025749,1226654,8,83.62170588,10009781,7352769,2584684,955,84.06%,AIFB,0
57,Barasat,West Bengal,SUDIN CHATTOPADHYAY,M,GEN,67,AIFB,399629,2,1025749,1226654,8,83.62170588,10009781,7352769,2584684,955,84.06%,AIFB,1
58,Barasat,West Bengal,BRATIN SENGUPTA,M,GEN,43,BJP,55353,3,1025749,1226654,8,83.62170588,10009781,7352769,2584684,955,84.06%,AIFB,0
59,Barasat,West Bengal,ARUN KUMAR BISWAS,M,SC,66,BSP,18381,4,1025749,1226654,8,83.62170588,10009781,7352769,2584684,955,84.06%,AIFB,0
60,Barasat,West Bengal,DR. BHASKAR GHOSH,M,GEN,56,AUDF,9161,5,1025749,1226654,8,83.62170588,10009781,7352769,2584684,955,84.06%,AIFB,0
61,Barasat,West Bengal,KUMARI KAMALA DAS,F,SC,40,IND,7527,6,1025749,1226654,8,83.62170588,10009781,7352769,2584684,955,84.06%,AIFB,0
62,Barasat,West Bengal,SUBRATA BOSE,M,GEN,41,IND,6913,7,1025749,1226654,8,83.62170588,10009781,7352769,2584684,955,84.06%,AIFB,0
63,Barasat,West Bengal,WALIUR RAHAMAN,M,GEN,59,MUL,6045,8,1025749,1226654,8,83.62170588,10009781,7352769,2584684,955,84.06%,AIFB,0
64,Bardhaman Purba,West Bengal,ANUP KUMAR SAHA,M,SC,53,CPM,531987,1,1124394,1289311,7,87.2089046,7717563,6008472,1599764,NA,NA,NA,0
65,Bardhaman Purba,West Bengal,ASHOKE BISWAS,M,SC,54,AITC,472568,2,1124394,1289311,7,87.2089046,7717563,6008472,1599764,NA,NA,NA,0
66,Bardhaman Purba,West Bengal,SANKAR HALDER,M,SC,47,BJP,71632,3,1124394,1289311,7,87.2089046,7717563,6008472,1599764,NA,NA,NA,0
67,Bardhaman Purba,West Bengal,RABINDRANATH BAG,M,SC,42,AUDF,17716,4,1124394,1289311,7,87.2089046,7717563,6008472,1599764,NA,NA,NA,0
68,Bardhaman Purba,West Bengal,RAJU MALIK,M,SC,25,JDP,12982,5,1124394,1289311,7,87.2089046,7717563,6008472,1599764,NA,NA,NA,0
69,Bardhaman Purba,West Bengal,MUKUL BISWAS,M,SC,35,BSP,9069,6,1124394,1289311,7,87.2089046,7717563,6008472,1599764,NA,NA,NA,0
70,Bardhaman Purba,West Bengal,PEJUSH KUMAR SAHANA,M,SC,41,CPI(ML)(L),8419,7,1124394,1289311,7,87.2089046,7717563,6008472,1599764,NA,NA,NA,0
71,Barrackpore,West Bengal,DINESH TRIVEDI,M,GEN,58,AITC,428699,1,870178,1081237,10,80.47985779,10009781,7352769,2584684,955,84.06%,CPM,0
72,Barrackpore,West Bengal,TARIT BARAN TOPDAR,M,GEN,67,CPM,372675,2,870178,1081237,10,80.47985779,10009781,7352769,2584684,955,84.06%,CPM,1
73,Barrackpore,West Bengal,PRABHAKAR TEWARI,M,GEN,57,BJP,30970,3,870178,1081237,10,80.47985779,10009781,7352769,2584684,955,84.06%,CPM,0
74,Barrackpore,West Bengal,ASHOK SONKAR,M,GEN,53,BSP,9359,4,870178,1081237,10,80.47985779,10009781,7352769,2584684,955,84.06%,CPM,0
75,Barrackpore,West Bengal,SREE RABI SHANKAR PAUL,M,GEN,43,IND,7111,5,870178,1081237,10,80.47985779,10009781,7352769,2584684,955,84.06%,CPM,0
76,Barrackpore,West Bengal,BINOD KUMAR SINGH,M,GEN,43,IND,5169,6,870178,1081237,10,80.47985779,10009781,7352769,2584684,955,84.06%,CPM,0
77,Barrackpore,West Bengal,SUBRATA SENGUPTA,M,GEN,43,CPI(ML)(L),5071,7,870178,1081237,10,80.47985779,10009781,7352769,2584684,955,84.06%,CPM,0
78,Barrackpore,West Bengal,DHARMENDRA SINGH,M,GEN,36,IND,4720,8,870178,1081237,10,80.47985779,10009781,7352769,2584684,955,84.06%,CPM,0
79,Barrackpore,West Bengal,DINESH KUMAR SHARMA,M,SC,40,IND,3322,9,870178,1081237,10,80.47985779,10009781,7352769,2584684,955,84.06%,CPM,0
80,Barrackpore,West Bengal,GOPAL RAUT,M,GEN,40,IND,2872,10,870178,1081237,10,80.47985779,10009781,7352769,2584684,955,84.06%,CPM,0
81,Basirhat,West Bengal,SK. NURUL ISLAM,M,GEN,46,AITC,479650,1,1038241,1198579,8,86.622659,10009781,7352769,2584684,955,84.06%,CPI,0
82,Basirhat,West Bengal,AJAY CHAKRABORTY,M,GEN,65,CPI,419267,2,1038241,1198579,8,86.622659,10009781,7352769,2584684,955,84.06%,CPI,1
83,Basirhat,West Bengal,SWAPAN KUMAR DAS,M,GEN,47,BJP,68031,3,1038241,1198579,8,86.622659,10009781,7352769,2584684,955,84.06%,CPI,0
84,Basirhat,West Bengal,SIDDIQULLAH CHOWDHURY,M,GEN,59,AUDF,41423,4,1038241,1198579,8,86.622659,10009781,7352769,2584684,955,84.06%,CPI,0
85,Basirhat,West Bengal,RANJIT GAIN,M,SC,64,IND,13930,5,1038241,1198579,8,86.622659,10009781,7352769,2584684,955,84.06%,CPI,0
86,Basirhat,West Bengal,JIAUL HAQUE,M,GEN,37,BSP,7626,6,1038241,1198579,8,86.622659,10009781,7352769,2584684,955,84.06%,CPI,0
87,Basirhat,West Bengal,CHHALAUDDIN MOLLA,M,GEN,42,LJP,4239,7,1038241,1198579,8,86.622659,10009781,7352769,2584684,955,84.06%,CPI,0
88,Basirhat,West Bengal,SALIM MAKKAR,M,GEN,50,MUL,4043,8,1038241,1198579,8,86.622659,10009781,7352769,2584684,955,84.06%,CPI,0
89,Birbhum,West Bengal,SATABDI ROY,F,GEN,40,AITC,486553,1,1017609,1221893,7,83.28135115,3502404,2181515,1298054,956,70.68%,CPM,0
90,Birbhum,West Bengal,BRAJA MUKHERJEE,M,GEN,71,CPM,425034,2,1017609,1221893,7,83.28135115,3502404,2181515,1298054,956,70.68%,CPM,1
91,Birbhum,West Bengal,TAPAS MUKHERJEE,M,GEN,59,BJP,47068,3,1017609,1221893,7,83.28135115,3502404,2181515,1298054,956,70.68%,CPM,0
92,Birbhum,West Bengal,ASGAR ALI (GAJLU),M,GEN,42,SP,17177,4,1017609,1221893,7,83.28135115,3502404,2181515,1298054,956,70.68%,CPM,0
93,Birbhum,West Bengal,SHIB RATAN SHARMA,M,GEN,44,JMM,15919,5,1017609,1221893,7,83.28135115,3502404,2181515,1298054,956,70.68%,CPM,0
94,Birbhum,West Bengal,RADHESHYAM SINGH,M,GEN,62,BSP,13388,6,1017609,1221893,7,83.28135115,3502404,2181515,1298054,956,70.68%,CPM,0
95,Birbhum,West Bengal,MOULANA NAJRUL HAK,M,GEN,54,AUDF,12354,7,1017609,1221893,7,83.28135115,3502404,2181515,1298054,956,70.68%,CPM,0
96,Bishnupur,West Bengal,SUSMITA BAURI,F,SC,34,CPM,541075,1,1054538,1237948,7,85.18435346,7717563,6008472,1599764,NA,NA,CPM,1
97,Bishnupur,West Bengal,SEULI SAHA,F,SC,39,AITC,411709,2,1054538,1237948,7,85.18435346,7717563,6008472,1599764,NA,NA,CPM,0
98,Bishnupur,West Bengal,JAYANTA MONDAL,M,SC,53,BJP,41908,3,1054538,1237948,7,85.18435346,7717563,6008472,1599764,NA,NA,CPM,0
99,Bishnupur,West Bengal,TAPAS DAS,M,SC,31,JMM,21634,4,1054538,1237948,7,85.18435346,7717563,6008472,1599764,NA,NA,CPM,0
100,Bishnupur,West Bengal,UMAKANTA BHAKAT,M,SC,62,IND,17727,5,1054538,1237948,7,85.18435346,7717563,6008472,1599764,NA,NA,CPM,0
101,Bishnupur,West Bengal,UTTAM BOURI,M,SC,30,IND,11280,6,1054538,1237948,7,85.18435346,7717563,6008472,1599764,NA,NA,CPM,0
102,Bishnupur,West Bengal,MANIK BOURI,M,SC,43,BSP,8816,7,1054538,1237948,7,85.18435346,7717563,6008472,1599764,NA,NA,CPM,0
103,Bolpur,West Bengal,DOCTOR RAM CHANDRA DOME,M,SC,51,CPM,538383,1,1078894,1307730,7,82.50128085,NA,NA,NA,NA,NA,CPM,1
104,Bolpur,West Bengal,ASIT KUMAR MAL,M,SC,54,INC,411501,2,1078894,1307730,7,82.50128085,NA,NA,NA,NA,NA,CPM,0
105,Bolpur,West Bengal,ARJUN SAHA,M,SC,40,BJP,70084,3,1078894,1307730,7,82.50128085,NA,NA,NA,NA,NA,CPM,0
106,Bolpur,West Bengal,ADARA BAURI,F,SC,34,AUDF,21325,4,1078894,1307730,7,82.50128085,NA,NA,NA,NA,NA,CPM,0
107,Bolpur,West Bengal,PROFESSOR BIJAY DALUI,M,SC,38,IND,14581,5,1078894,1307730,7,82.50128085,NA,NA,NA,NA,NA,CPM,0
108,Bolpur,West Bengal,NIHAR HAZRA,M,SC,59,IND,11798,6,1078894,1307730,7,82.50128085,NA,NA,NA,NA,NA,CPM,0
109,Bolpur,West Bengal,VIDYASAGAR METE,M,SC,39,BSP,11139,7,1078894,1307730,7,82.50128085,NA,NA,NA,NA,NA,CPM,0
110,Burdwan - durgapur,West Bengal,SK. SAIDUL HAQUE,M,GEN,55,CPM,573399,1,1135044,1353380,8,83.86735433,7717563,6008472,1599764,NA,NA,CPM,1
111,Burdwan - durgapur,West Bengal,NARGIS BEGUM,F,GEN,44,INC,465162,2,1135044,1353380,8,83.86735433,7717563,6008472,1599764,NA,NA,CPM,0
112,Burdwan - durgapur,West Bengal,SYED ALI AFZAL CHAND,M,GEN,45,BJP,50081,3,1135044,1353380,8,83.86735433,7717563,6008472,1599764,NA,NA,CPM,0
113,Burdwan - durgapur,West Bengal,SHYAMALI ROY CHOWDHURY,F,GEN,62,IND,13316,4,1135044,1353380,8,83.86735433,7717563,6008472,1599764,NA,NA,CPM,0
114,Burdwan - durgapur,West Bengal,MADHU SUDAN SHET,M,GEN,54,AUDF,13018,5,1135044,1353380,8,83.86735433,7717563,6008472,1599764,NA,NA,CPM,0
115,Burdwan - durgapur,West Bengal,SHIBA PADA BISWAS,M,SC,60,BSP,9627,6,1135044,1353380,8,83.86735433,7717563,6008472,1599764,NA,NA,CPM,0
116,Burdwan - durgapur,West Bengal,SUMAN SARKAR,M,GEN,29,RDMP,5326,7,1135044,1353380,8,83.86735433,7717563,6008472,1599764,NA,NA,CPM,0
117,Burdwan - durgapur,West Bengal,ASHOKE TARU MALLICK,M,SC,39,SP,5099,8,1135044,1353380,8,83.86735433,7717563,6008472,1599764,NA,NA,CPM,0
118,Cooch behar,West Bengal,NRIPENDRA NATH ROY,M,SC,49,AIFB,500677,1,1121803,1329086,10,84.40409424,2819086,2087766,720033,942,74.78%,AIFB,1
119,Cooch behar,West Bengal,ARGHYA ROY PRADHAN,M,SC,37,AITC,466928,2,1121803,1329086,10,84.40409424,2819086,2087766,720033,942,74.78%,AIFB,0
120,Cooch behar,West Bengal,BHABENDRA NATH BARMAN,M,SC,61,BJP,65325,3,1121803,1329086,10,84.40409424,2819086,2087766,720033,942,74.78%,AIFB,0
121,Cooch behar,West Bengal,BANGSHI BADAN BARMAN,M,SC,41,IND,37226,4,1121803,1329086,10,84.40409424,2819086,2087766,720033,942,74.78%,AIFB,0
122,Cooch behar,West Bengal,NIRANJAN BARMAN,M,SC,42,BSP,22925,5,1121803,1329086,10,84.40409424,2819086,2087766,720033,942,74.78%,AIFB,0
123,Cooch behar,West Bengal,HITENDRA DAS,M,SC,54,IND,11374,6,1121803,1329086,10,84.40409424,2819086,2087766,720033,942,74.78%,AIFB,0
124,Cooch behar,West Bengal,DALENDRA ROY,M,SC,50,AMB,6486,7,1121803,1329086,10,84.40409424,2819086,2087766,720033,942,74.78%,AIFB,0
125,Cooch behar,West Bengal,NUBASH BARMAN,M,SC,46,IND,3737,8,1121803,1329086,10,84.40409424,2819086,2087766,720033,942,74.78%,AIFB,0
126,Cooch behar,West Bengal,HAREKRISHNA SARKAR,M,SC,37,RPI(A),3405,9,1121803,1329086,10,84.40409424,2819086,2087766,720033,942,74.78%,AIFB,0
127,Cooch behar,West Bengal,KRISHNA KANTA BARMAN,M,SC,29,IND,2960,10,1121803,1329086,10,84.40409424,2819086,2087766,720033,942,74.78%,AIFB,0
128,Darjeeling,West Bengal,JASWANT SINGH,M,GEN,70,BJP,497649,1,966912,1215464,10,79.55085465,1846823,1366681,105086,970,79.56%,INC,0
129,Darjeeling,West Bengal,JIBESH SARKAR,M,GEN,55,CPM,244360,2,966912,1215464,10,79.55085465,1846823,1366681,105086,970,79.56%,INC,0
130,Darjeeling,West Bengal,DAWA NARBULA,M,ST,73,INC,187809,3,966912,1215464,10,79.55085465,1846823,1366681,105086,970,79.56%,INC,1
131,Darjeeling,West Bengal,RAM GANESH BARAIK,M,ST,44,IND,13236,4,966912,1215464,10,79.55085465,1846823,1366681,105086,970,79.56%,INC,0
132,Darjeeling,West Bengal,HARIDAS THAKUR,M,SC,62,BSP,5083,5,966912,1215464,10,79.55085465,1846823,1366681,105086,970,79.56%,INC,0
133,Darjeeling,West Bengal,NITU JAI,M,GEN,35,IND,4786,6,966912,1215464,10,79.55085465,1846823,1366681,105086,970,79.56%,INC,0
134,Darjeeling,West Bengal,ABHIJIT MAJUMDAR,M,GEN,48,CPI(ML)(L),3818,7,966912,1215464,10,79.55085465,1846823,1366681,105086,970,79.56%,INC,0
135,Darjeeling,West Bengal,NIRANJAN SAHA,M,GEN,50,AMB,3717,8,966912,1215464,10,79.55085465,1846823,1366681,105086,970,79.56%,INC,0
136,Darjeeling,West Bengal,ARUN KUMAR AGARWAL,M,GEN,48,IND,3227,9,966912,1215464,10,79.55085465,1846823,1366681,105086,970,79.56%,INC,0
137,Darjeeling,West Bengal,BAIDYANATH ROY,M,GEN,55,IPFB,2686,10,966912,1215464,10,79.55085465,1846823,1366681,105086,970,79.56%,INC,0
138,Diamond harbour,West Bengal,SOMENDRA NATH MITRA,M,GEN,68,AITC,564612,1,1054156,1302398,10,80.93962061,8161961,5155545,2903075,956,77.51%,CPM,0
139,Diamond harbour,West Bengal,SAMIK LAHIRI,M,GEN,42,CPM,412923,2,1054156,1302398,10,80.93962061,8161961,5155545,2903075,956,77.51%,CPM,1
140,Diamond harbour,West Bengal,ABHIJIT DAS,M,GEN,39,BJP,37542,3,1054156,1302398,10,80.93962061,8161961,5155545,2903075,956,77.51%,CPM,0
141,Diamond harbour,West Bengal,MAINUDDIN CHISTY,M,GEN,51,IND,9966,4,1054156,1302398,10,80.93962061,8161961,5155545,2903075,956,77.51%,CPM,0
142,Diamond harbour,West Bengal,SK. NASIRUDDIN,M,GEN,39,SP,7486,5,1054156,1302398,10,80.93962061,8161961,5155545,2903075,956,77.51%,CPM,0
143,Diamond harbour,West Bengal,HARUNAL RASID KAJI,M,GEN,54,NCP,7187,6,1054156,1302398,10,80.93962061,8161961,5155545,2903075,956,77.51%,CPM,0
144,Diamond harbour,West Bengal,R.N. CHAUDHURY,M,GEN,68,BSP,4989,7,1054156,1302398,10,80.93962061,8161961,5155545,2903075,956,77.51%,CPM,0
145,Diamond harbour,West Bengal,DEBAJYOTI SENGUPTA,M,GEN,46,IND,4208,8,1054156,1302398,10,80.93962061,8161961,5155545,2903075,956,77.51%,CPM,0
146,Diamond harbour,West Bengal,SHYAMAL MANDAL,M,GEN,65,ABP,2664,9,1054156,1302398,10,80.93962061,8161961,5155545,2903075,956,77.51%,CPM,0
147,Diamond harbour,West Bengal,BECHU MONDAL,M,GEN,60,IND,2535,10,1054156,1302398,10,80.93962061,8161961,5155545,2903075,956,77.51%,CPM,0
148,Dum dum,West Bengal,SOUGATA RAY,M,GEN,61,AITC,458988,1,975825,1212220,6,80.49900183,10009781,7352769,2584684,955,84.06%,CPM,0
149,Dum dum,West Bengal,AMITAVA NANDY,M,GEN,66,CPM,438510,2,975825,1212220,6,80.49900183,10009781,7352769,2584684,955,84.06%,CPM,1
150,Dum dum,West Bengal,TAPAN SIKDAR,M,GEN,64,BJP,55679,3,975825,1212220,6,80.49900183,10009781,7352769,2584684,955,84.06%,CPM,0
151,Dum dum,West Bengal,DULAL CHANDRA DAS,M,SC,67,BSP,9065,4,975825,1212220,6,80.49900183,10009781,7352769,2584684,955,84.06%,CPM,0
152,Dum dum,West Bengal,SUNIL PAL,M,GEN,50,IND,8177,5,975825,1212220,6,80.49900183,10009781,7352769,2584684,955,84.06%,CPM,0
153,Dum dum,West Bengal,SANATAN RAY CHAUDHURI,M,GEN,39,LJP,5265,6,975825,1212220,6,80.49900183,10009781,7352769,2584684,955,84.06%,CPM,0
154,Ghatal,West Bengal,GURUDAS DASGUPTA,M,GEN,73,CPI,625923,1,1170099,1354861,7,86.36302912,5095875,4343972,743436,938,87.02%,NA,0
155,Ghatal,West Bengal,NURE ALAM CHOWDHURY,M,GEN,66,AITC,478739,2,1170099,1354861,7,86.36302912,5095875,4343972,743436,938,87.02%,NA,0
156,Ghatal,West Bengal,MATILAL KHATUA,M,GEN,55,BJP,35004,3,1170099,1354861,7,86.36302912,5095875,4343972,743436,938,87.02%,NA,0
157,Ghatal,West Bengal,NARAYAN CHANDRA SAMAT,M,SC,60,BSP,12065,4,1170099,1354861,7,86.36302912,5095875,4343972,743436,938,87.02%,NA,0
158,Ghatal,West Bengal,LIYAKAT KHAN,M,GEN,31,IJP,9355,5,1170099,1354861,7,86.36302912,5095875,4343972,743436,938,87.02%,NA,0
159,Ghatal,West Bengal,ARUN KUMAR DAS,M,GEN,40,JMM,5333,6,1170099,1354861,7,86.36302912,5095875,4343972,743436,938,87.02%,NA,0
160,Ghatal,West Bengal,AHITOSH MAITY,M,GEN,53,RDMP,3515,7,1170099,1354861,7,86.36302912,5095875,4343972,743436,938,87.02%,NA,0
161,Hooghly,West Bengal,DR. RATNA DE (NAG),F,GEN,57,AITC,574022,1,1162772,1405684,9,82.71930249,5519145,4574569,870204,961,81.80%,CPM,0
162,Hooghly,West Bengal,RUPCHAND PAL,M,GEN,72,CPM,492499,2,1162772,1405684,9,82.71930249,5519145,4574569,870204,961,81.80%,CPM,1
163,Hooghly,West Bengal,DR. CHUNI LAL CHAKRABORTY,M,GEN,78,BJP,39784,3,1162772,1405684,9,82.71930249,5519145,4574569,870204,961,81.80%,CPM,0
164,Hooghly,West Bengal,SWAPAN MURMU,M,ST,33,JDP,12417,4,1162772,1405684,9,82.71930249,5519145,4574569,870204,961,81.80%,CPM,0
165,Hooghly,West Bengal,SAJAL ADHIKARI,M,GEN,45,CPI(ML)(L),12068,5,1162772,1405684,9,82.71930249,5519145,4574569,870204,961,81.80%,CPM,0
166,Hooghly,West Bengal,SATYA GOPAL DEY,M,GEN,61,IND,10119,6,1162772,1405684,9,82.71930249,5519145,4574569,870204,961,81.80%,CPM,0
167,Hooghly,West Bengal,SURYYA KANTA RAY,M,SC,64,BSP,9933,7,1162772,1405684,9,82.71930249,5519145,4574569,870204,961,81.80%,CPM,0
168,Hooghly,West Bengal,ALOK PATHAK,M,GEN,42,IND,6908,8,1162772,1405684,9,82.71930249,5519145,4574569,870204,961,81.80%,CPM,0
169,Hooghly,West Bengal,ARABINDA SEN,M,GEN,58,SP,4894,9,1162772,1405684,9,82.71930249,5519145,4574569,870204,961,81.80%,CPM,0
170,Howrah,West Bengal,AMBICA BANERJEE,M,GEN,82,AITC,477449,1,994203,1344746,15,73.93240062,4850029,3535844,1270641,939,83.31%,CPM,0
171,Howrah,West Bengal,SWADESH CHAKRABORTTY,M,GEN,66,CPM,440057,2,994203,1344746,15,73.93240062,4850029,3535844,1270641,939,83.31%,CPM,1
172,Howrah,West Bengal,POLLY MUKHERJEE,F,GEN,54,BJP,37723,3,994203,1344746,15,73.93240062,4850029,3535844,1270641,939,83.31%,CPM,0
173,Howrah,West Bengal,BIJOY UPPADHYA,M,GEN,52,SP,8615,4,994203,1344746,15,73.93240062,4850029,3535844,1270641,939,83.31%,CPM,0
174,Howrah,West Bengal,SUBARNA CHAKRABORTY,M,GEN,43,IND,8180,5,994203,1344746,15,73.93240062,4850029,3535844,1270641,939,83.31%,CPM,0
175,Howrah,West Bengal,RAMAVTAR GUPTA,M,GEN,43,BSP,5682,6,994203,1344746,15,73.93240062,4850029,3535844,1270641,939,83.31%,CPM,0
176,Howrah,West Bengal,MANOJ KUMAR PASWAN,M,GEN,32,IND,3710,7,994203,1344746,15,73.93240062,4850029,3535844,1270641,939,83.31%,CPM,0
177,Howrah,West Bengal,SANJAY MAKAL,M,SC,36,IND,2603,8,994203,1344746,15,73.93240062,4850029,3535844,1270641,939,83.31%,CPM,0
178,Howrah,West Bengal,SANATAN BAG,M,SC,41,IND,2318,9,994203,1344746,15,73.93240062,4850029,3535844,1270641,939,83.31%,CPM,0
179,Howrah,West Bengal,NARAD PANDIT,M,GEN,54,IND,1459,10,994203,1344746,15,73.93240062,4850029,3535844,1270641,939,83.31%,CPM,0
180,Howrah,West Bengal,GOUTAM GAYEN,M,SC,27,IND,1423,11,994203,1344746,15,73.93240062,4850029,3535844,1270641,939,83.31%,CPM,0
181,Howrah,West Bengal,SUDARSHAN MANNA,M,GEN,62,STPI,1357,12,994203,1344746,15,73.93240062,4850029,3535844,1270641,939,83.31%,CPM,0
182,Howrah,West Bengal,GAURAB SAHA,M,SC,40,IND,1206,13,994203,1344746,15,73.93240062,4850029,3535844,1270641,939,83.31%,CPM,0
183,Howrah,West Bengal,ABDUL MOMIN SEKH,M,GEN,42,IND,1176,14,994203,1344746,15,73.93240062,4850029,3535844,1270641,939,83.31%,CPM,0
184,Howrah,West Bengal,GORA CHAND KOLEY,M,GEN,42,IND,1000,15,994203,1344746,15,73.93240062,4850029,3535844,1270641,939,83.31%,CPM,0
185,Jadavpur,West Bengal,KABIR SUMAN,M,GEN,59,AITC,540667,1,1085595,1331537,10,81.52946557,8161961,5155545,2903075,956,77.51%,CPM,0
186,Jadavpur,West Bengal,SUJAN CHAKRABORTY,M,GEN,50,CPM,484400,2,1085595,1331537,10,81.52946557,8161961,5155545,2903075,956,77.51%,CPM,1
187,Jadavpur,West Bengal,SANAT BHATTACHARYA,M,GEN,62,BJP,25331,3,1085595,1331537,10,81.52946557,8161961,5155545,2903075,956,77.51%,CPM,0
188,Jadavpur,West Bengal,RAMA BOSE,F,GEN,47,IND,8490,4,1085595,1331537,10,81.52946557,8161961,5155545,2903075,956,77.51%,CPM,0
189,Jadavpur,West Bengal,SAIFUDDIN CHOUDHURY,M,GEN,57,PDS,6141,5,1085595,1331537,10,81.52946557,8161961,5155545,2903075,956,77.51%,CPM,0
190,Jadavpur,West Bengal,PINTU SANPUI,M,SC,35,BSP(K),5736,6,1085595,1331537,10,81.52946557,8161961,5155545,2903075,956,77.51%,CPM,0
191,Jadavpur,West Bengal,SANDHYA MONDAL,F,SC,54,BSP,4609,7,1085595,1331537,10,81.52946557,8161961,5155545,2903075,956,77.51%,CPM,0
192,Jadavpur,West Bengal,FAKIR MAHAMMAD LASKAR,M,GEN,69,IND,3941,8,1085595,1331537,10,81.52946557,8161961,5155545,2903075,956,77.51%,CPM,0
193,Jadavpur,West Bengal,KAMALESH DAS,M,GEN,30,IND,3102,9,1085595,1331537,10,81.52946557,8161961,5155545,2903075,956,77.51%,CPM,0
194,Jadavpur,West Bengal,TUSHAR KANTI DAS,M,GEN,53,IND,2416,10,1085595,1331537,10,81.52946557,8161961,5155545,2903075,956,77.51%,CPM,0
195,Jalpaiguri,West Bengal,MAHENDRA KUMAR ROY,M,SC,54,CPM,469613,1,1031822,1252142,10,82.40455156,3872846,3156781,445817,NA,NA,CPM,1
196,Jalpaiguri,West Bengal,BARMA SUKHBILAS,M,SC,64,INC,381242,2,1031822,1252142,10,82.40455156,3872846,3156781,445817,NA,NA,CPM,0
197,Jalpaiguri,West Bengal,DWIPENDRA NATH PRAMANIK,M,SC,37,BJP,94373,3,1031822,1252142,10,82.40455156,3872846,3156781,445817,NA,NA,CPM,0
198,Jalpaiguri,West Bengal,DR. DHIRENDRA NATH DAS,M,SC,47,NCP,25308,4,1031822,1252142,10,82.40455156,3872846,3156781,445817,NA,NA,CPM,0
199,Jalpaiguri,West Bengal,HARI BHAKTA SARDAR,M,SC,54,IND,19295,5,1031822,1252142,10,82.40455156,3872846,3156781,445817,NA,NA,CPM,0
200,Jalpaiguri,West Bengal,SANTI KUMAR SARKAR,M,SC,50,BSP,14802,6,1031822,1252142,10,82.40455156,3872846,3156781,445817,NA,NA,CPM,0
201,Jalpaiguri,West Bengal,PRITHWIRAJ ROY,M,SC,36,IND,8271,7,1031822,1252142,10,82.40455156,3872846,3156781,445817,NA,NA,CPM,0
202,Jalpaiguri,West Bengal,SATYEN PRASAD ROY,M,SC,46,SWJP,6471,8,1031822,1252142,10,82.40455156,3872846,3156781,445817,NA,NA,CPM,0
203,Jalpaiguri,West Bengal,CHINMAY SARKAR,M,SC,30,IND,6206,9,1031822,1252142,10,82.40455156,3872846,3156781,445817,NA,NA,CPM,0
204,Jalpaiguri,West Bengal,PABITRA MOITRA,M,SC,58,AMB,5709,10,1031822,1252142,10,82.40455156,3872846,3156781,445817,NA,NA,CPM,0
205,Jangipur,West Bengal,PRANAB MUKHERJEE,M,GEN,72,INC,506749,1,934490,1087054,5,85.96537063,7103807,2359061,4707573,958,66.59%,INC,1
206,Jangipur,West Bengal,MRIGANKA SEKHAR BHATTACHARYA,M,GEN,61,CPM,378600,2,934490,1087054,5,85.96537063,7103807,2359061,4707573,958,66.59%,INC,0
207,Jangipur,West Bengal,DEBASHISH MAJUMDAR,M,GEN,52,BJP,21791,3,934490,1087054,5,85.96537063,7103807,2359061,4707573,958,66.59%,INC,0
208,Jangipur,West Bengal,ZAMIRUL HASAN,M,GEN,59,AUDF,19000,4,934490,1087054,5,85.96537063,7103807,2359061,4707573,958,66.59%,INC,0
209,Jangipur,West Bengal,TAPAS SAHA,M,GEN,35,IND,8141,5,934490,1087054,5,85.96537063,7103807,2359061,4707573,958,66.59%,INC,0
210,Jhargram,West Bengal,PULIN BIHARI BASKE,M,ST,40,CPM,545231,1,958389,1241574,8,77.19145214,2930115,2373120,227249,957,64.48%,CPM,1
211,Jhargram,West Bengal,AMRIT HANSDA,M,ST,63,INC,252886,2,958389,1241574,8,77.19145214,2930115,2373120,227249,957,64.48%,CPM,0
212,Jhargram,West Bengal,CHUNIBALA HANSDA,F,ST,44,JKP(N),48175,3,958389,1241574,8,77.19145214,2930115,2373120,227249,957,64.48%,CPM,0
213,Jhargram,West Bengal,NABENDU MAHALI,M,ST,34,BJP,45425,4,958389,1241574,8,77.19145214,2930115,2373120,227249,957,64.48%,CPM,0
214,Jhargram,West Bengal,ADITYA KISKU,M,ST,46,IND,26945,5,958389,1241574,8,77.19145214,2930115,2373120,227249,957,64.48%,CPM,0
215,Jhargram,West Bengal,SUSIL MANDI,M,ST,28,IND,19198,6,958389,1241574,8,77.19145214,2930115,2373120,227249,957,64.48%,CPM,0
216,Jhargram,West Bengal,SUNIL MURMU,M,ST,30,IND,12536,7,958389,1241574,8,77.19145214,2930115,2373120,227249,957,64.48%,CPM,0
217,Jhargram,West Bengal,PANCHANAN HANSDA,M,ST,70,BSP,7978,8,958389,1241574,8,77.19145214,2930115,2373120,227249,957,64.48%,CPM,0
218,Joynagar,West Bengal,DR. TARUN MONDAL,M,SC,50,IND,446200,1,915949,1143640,8,80.09067539,8161961,5155545,2903075,956,77.51%,RSP,0
219,Joynagar,West Bengal,NIMAI BARMAN,M,SC,53,RSP,392495,2,915949,1143640,8,80.09067539,8161961,5155545,2903075,956,77.51%,RSP,1
220,Joynagar,West Bengal,NIRODE CHANDRA HALDER,M,SC,61,BJP,24608,3,915949,1143640,8,80.09067539,8161961,5155545,2903075,956,77.51%,RSP,0
221,Joynagar,West Bengal,TARANGA MONDAL,M,SC,74,AUDF,17087,4,915949,1143640,8,80.09067539,8161961,5155545,2903075,956,77.51%,RSP,0
222,Joynagar,West Bengal,SHYAMAL NASKAR,M,SC,43,IND,10809,5,915949,1143640,8,80.09067539,8161961,5155545,2903075,956,77.51%,RSP,0
223,Joynagar,West Bengal,ARABINDA HALDER,M,SC,66,BSP,9209,6,915949,1143640,8,80.09067539,8161961,5155545,2903075,956,77.51%,RSP,0
224,Joynagar,West Bengal,SHANKAR HALDAR,M,SC,49,IND,8855,7,915949,1143640,8,80.09067539,8161961,5155545,2903075,956,77.51%,RSP,0
225,Joynagar,West Bengal,TAPAS TARAFDAR,M,SC,28,RDMP,6573,8,915949,1143640,8,80.09067539,8161961,5155545,2903075,956,77.51%,RSP,0
226,Kanthi,West Bengal,ADHIKARI SISIR KUMAR,M,GEN,69,AITC,606712,1,1124621,1249775,4,89.98587746,5095875,4343972,743436,938,87.02%,NA,0
227,Kanthi,West Bengal,PRASANTA PRADHAN,M,GEN,69,CPM,477609,2,1124621,1249775,4,89.98587746,5095875,4343972,743436,938,87.02%,NA,0
228,Kanthi,West Bengal,AMALESH MISHRA,M,GEN,70,BJP,31952,3,1124621,1249775,4,89.98587746,5095875,4343972,743436,938,87.02%,NA,0
229,Kanthi,West Bengal,PATRA RASHBEHARI,M,GEN,52,BSP,8174,4,1124621,1249775,4,89.98587746,5095875,4343972,743436,938,87.02%,NA,0
230,Kolkata Dakshin,West Bengal,MAMATA BANERJEE,F,GEN,54,AITC,576045,1,1007505,1505638,13,66.91548699,4496694,3440290,926414,908,86.31%,NA,0
231,Kolkata Dakshin,West Bengal,RABIN DEB,M,GEN,60,CPM,356474,2,1007505,1505638,13,66.91548699,4496694,3440290,926414,908,86.31%,NA,0
232,Kolkata Dakshin,West Bengal,JYOTSNA BANERJEE,F,GEN,58,BJP,39744,3,1007505,1505638,13,66.91548699,4496694,3440290,926414,908,86.31%,NA,0
233,Kolkata Dakshin,West Bengal,PARESH CHANDRA ROY,M,SC,60,BSP,6745,4,1007505,1505638,13,66.91548699,4496694,3440290,926414,908,86.31%,NA,0
234,Kolkata Dakshin,West Bengal,YUSUF JAMAL SIDDIQUE,M,GEN,34,IND,6042,5,1007505,1505638,13,66.91548699,4496694,3440290,926414,908,86.31%,NA,0
235,Kolkata Dakshin,West Bengal,ASIF MD.,M,GEN,36,MUL,5896,6,1007505,1505638,13,66.91548699,4496694,3440290,926414,908,86.31%,NA,0
236,Kolkata Dakshin,West Bengal,RAM CHANDRA PRASAD,M,GEN,65,IND,4091,7,1007505,1505638,13,66.91548699,4496694,3440290,926414,908,86.31%,NA,0
237,Kolkata Dakshin,West Bengal,NISHAT KHAN,M,GEN,50,IND,2923,8,1007505,1505638,13,66.91548699,4496694,3440290,926414,908,86.31%,NA,0
238,Kolkata Dakshin,West Bengal,BARNALI MUKHOPADHYAY,F,GEN,36,IND,2623,9,1007505,1505638,13,66.91548699,4496694,3440290,926414,908,86.31%,NA,0
239,Kolkata Dakshin,West Bengal,ARUN BISWAS,M,GEN,78,IND,1984,10,1007505,1505638,13,66.91548699,4496694,3440290,926414,908,86.31%,NA,0
240,Kolkata Dakshin,West Bengal,PIJUSH BANERJEE,M,GEN,33,IND,1674,11,1007505,1505638,13,66.91548699,4496694,3440290,926414,908,86.31%,NA,0
241,Kolkata Dakshin,West Bengal,JAYANTA DATTA,M,GEN,43,IND,1512,12,1007505,1505638,13,66.91548699,4496694,3440290,926414,908,86.31%,NA,0
242,Kolkata Dakshin,West Bengal,LEELA HANS,F,GEN,46,IJP,1472,13,1007505,1505638,13,66.91548699,4496694,3440290,926414,908,86.31%,NA,0
243,Kolkata Uttar,West Bengal,SUDIP BANDYOPADHYAY,M,GEN,57,AITC,460646,1,877421,1366647,13,64.20246047,4496694,3440290,926414,908,86.31%,NA,0
244,Kolkata Uttar,West Bengal,MD. SALIM,M,GEN,51,CPM,351368,2,877421,1366647,13,64.20246047,4496694,3440290,926414,908,86.31%,NA,0
245,Kolkata Uttar,West Bengal,TATHAGATA ROY,M,GEN,63,BJP,37044,3,877421,1366647,13,64.20246047,4496694,3440290,926414,908,86.31%,NA,0
246,Kolkata Uttar,West Bengal,SULTAN OSMAN,M,GEN,49,IND,9155,4,877421,1366647,13,64.20246047,4496694,3440290,926414,908,86.31%,NA,0
247,Kolkata Uttar,West Bengal,SHARAD KUMAR SINGH,M,GEN,45,BSP,5666,5,877421,1366647,13,64.20246047,4496694,3440290,926414,908,86.31%,NA,0
248,Kolkata Uttar,West Bengal,SANDIPAN BISWAS,M,GEN,52,IND,3231,6,877421,1366647,13,64.20246047,4496694,3440290,926414,908,86.31%,NA,0
249,Kolkata Uttar,West Bengal,AVINASH KUMAR AGARWAL,M,GEN,35,LJP,2268,7,877421,1366647,13,64.20246047,4496694,3440290,926414,908,86.31%,NA,0
250,Kolkata Uttar,West Bengal,KUMODH NARAYAN CHOWDHURY,M,GEN,34,IND,2196,8,877421,1366647,13,64.20246047,4496694,3440290,926414,908,86.31%,NA,0
251,Kolkata Uttar,West Bengal,SATISH VYAS,M,GEN,67,IND,1791,9,877421,1366647,13,64.20246047,4496694,3440290,926414,908,86.31%,NA,0
252,Kolkata Uttar,West Bengal,MD. KASIM,M,GEN,79,MUL,1130,10,877421,1366647,13,64.20246047,4496694,3440290,926414,908,86.31%,NA,0
253,Kolkata Uttar,West Bengal,AMITABHA SEN,M,GEN,66,IND,1120,11,877421,1366647,13,64.20246047,4496694,3440290,926414,908,86.31%,NA,0
254,Kolkata Uttar,West Bengal,KANCHAN KUMAR SARKAR,M,SC,58,IND,984,12,877421,1366647,13,64.20246047,4496694,3440290,926414,908,86.31%,NA,0
255,Kolkata Uttar,West Bengal,BALARAM SAHA,M,GEN,45,IND,782,13,877421,1366647,13,64.20246047,4496694,3440290,926414,908,86.31%,NA,0
256,Krishnanagar,West Bengal,TAPAS PAUL,M,GEN,51,AITC,443679,1,1046001,1223082,9,85.52173934,5167600,3728482,1382682,947,74.97%,CPM,0
257,Krishnanagar,West Bengal,JYOTIRMOYEE SIKDAR,F,GEN,39,CPM,366293,2,1046001,1223082,9,85.52173934,5167600,3728482,1382682,947,74.97%,CPM,1
258,Krishnanagar,West Bengal,SATYA BRATA MOOKHERJEE,M,GEN,77,BJP,175283,3,1046001,1223082,9,85.52173934,5167600,3728482,1382682,947,74.97%,CPM,0
259,Krishnanagar,West Bengal,MD. NIAMATULLAH MOLLICK,M,GEN,57,AUDF,19313,4,1046001,1223082,9,85.52173934,5167600,3728482,1382682,947,74.97%,CPM,0
260,Krishnanagar,West Bengal,SUBIMAL SENGUPTA,M,GEN,50,CPI(ML)(L),14480,5,1046001,1223082,9,85.52173934,5167600,3728482,1382682,947,74.97%,CPM,0
261,Krishnanagar,West Bengal,DEBABRATA MAJUMDAR,M,SC,36,BSP,10733,6,1046001,1223082,9,85.52173934,5167600,3728482,1382682,947,74.97%,CPM,0
262,Krishnanagar,West Bengal,SHAHJAHAN MALLIK,M,GEN,53,MUL,6592,7,1046001,1223082,9,85.52173934,5167600,3728482,1382682,947,74.97%,CPM,0
263,Krishnanagar,West Bengal,JAYASRI CHAKRABARTY,F,GEN,51,SP,5002,8,1046001,1223082,9,85.52173934,5167600,3728482,1382682,947,74.97%,CPM,0
264,Krishnanagar,West Bengal,SK. DOULAT HOSSAIN,M,GEN,52,NCP,4336,9,1046001,1223082,9,85.52173934,5167600,3728482,1382682,947,74.97%,CPM,0
265,Maldaha Dakshin,West Bengal,ABU HASEM KHAN CHOUDHURY,M,GEN,65,INC,443377,1,829583,1052093,9,78.85072898,3988845,1914352,2045151,944,61.73%,INC,1
266,Maldaha Dakshin,West Bengal,ABDUR RAZZAQUE,M,GEN,60,CPM,307097,2,829583,1052093,9,78.85072898,3988845,1914352,2045151,944,61.73%,INC,0
267,Maldaha Dakshin,West Bengal,DIPAK KUMAR CHOWDHURY,M,GEN,47,BJP,43997,3,829583,1052093,9,78.85072898,3988845,1914352,2045151,944,61.73%,INC,0
268,Maldaha Dakshin,West Bengal,SHYAMAL DAS,M,SC,38,IND,10852,4,829583,1052093,9,78.85072898,3988845,1914352,2045151,944,61.73%,INC,0
269,Maldaha Dakshin,West Bengal,RUSTAM ALI,M,GEN,39,IND,5944,5,829583,1052093,9,78.85072898,3988845,1914352,2045151,944,61.73%,INC,0
270,Maldaha Dakshin,West Bengal,DR. BHARAT CHANDRA MANDAL,M,SC,52,BSP,5889,6,829583,1052093,9,78.85072898,3988845,1914352,2045151,944,61.73%,INC,0
271,Maldaha Dakshin,West Bengal,MD. EJARUDDIN,M,GEN,74,MUL,5752,7,829583,1052093,9,78.85072898,3988845,1914352,2045151,944,61.73%,INC,0
272,Maldaha Dakshin,West Bengal,MD. KAMAL BASIRUJJAMAN,M,GEN,32,IND,3411,8,829583,1052093,9,78.85072898,3988845,1914352,2045151,944,61.73%,INC,0
273,Maldaha Dakshin,West Bengal,MANJUR ALAHI MUNSHI,M,GEN,42,IND,3167,9,829583,1052093,9,78.85072898,3988845,1914352,2045151,944,61.73%,INC,0
274,Maldaha Uttar,West Bengal,MAUSAM NOOR,F,GEN,27,INC,440264,1,921885,1101096,9,83.72430742,3988845,1914352,2045151,944,61.73%,INC,1
275,Maldaha Uttar,West Bengal,SAILEN SARKAR,M,GEN,68,CPM,380123,2,921885,1101096,9,83.72430742,3988845,1914352,2045151,944,61.73%,INC,0
276,Maldaha Uttar,West Bengal,AMLAN BHADURI,M,GEN,35,BJP,61515,3,921885,1101096,9,83.72430742,3988845,1914352,2045151,944,61.73%,INC,0
277,Maldaha Uttar,West Bengal,MALLIKA SARKAR (NANDY),F,GEN,50,IND,10046,4,921885,1101096,9,83.72430742,3988845,1914352,2045151,944,61.73%,INC,0
278,Maldaha Uttar,West Bengal,MONOWARA BEGAM,F,GEN,39,RDMP,7362,5,921885,1101096,9,83.72430742,3988845,1914352,2045151,944,61.73%,INC,0
279,Maldaha Uttar,West Bengal,BIKASH BISWAS,M,SC,54,BSP,7179,6,921885,1101096,9,83.72430742,3988845,1914352,2045151,944,61.73%,INC,0
280,Maldaha Uttar,West Bengal,ATUL CHANDRA MANDAL,M,SC,39,IND,5998,7,921885,1101096,9,83.72430742,3988845,1914352,2045151,944,61.73%,INC,0
281,Maldaha Uttar,West Bengal,AMINA KHATUN,F,GEN,29,IND,4841,8,921885,1101096,9,83.72430742,3988845,1914352,2045151,944,61.73%,INC,0
282,Maldaha Uttar,West Bengal,ASIM KUMAR CHOWDHURY,M,SC,47,IND,4174,9,921885,1101096,9,83.72430742,3988845,1914352,2045151,944,61.73%,INC,0
283,Mathurapur,West Bengal,CHOUDHURY MOHAN JATUA,M,SC,71,AITC,565505,1,1048827,1227376,7,85.45278708,8161961,5155545,2903075,956,77.51%,CPM,0
284,Mathurapur,West Bengal,ANIMESH NASKAR,M,SC,34,CPM,435542,2,1048827,1227376,7,85.45278708,8161961,5155545,2903075,956,77.51%,CPM,1
285,Mathurapur,West Bengal,BINAY KUMAR BISWAS,M,SC,44,BJP,27432,3,1048827,1227376,7,85.45278708,8161961,5155545,2903075,956,77.51%,CPM,0
286,Mathurapur,West Bengal,BIRESH CHANDRA MANDAL,M,SC,59,IND,7621,4,1048827,1227376,7,85.45278708,8161961,5155545,2903075,956,77.51%,CPM,0
287,Mathurapur,West Bengal,SACHINDRA NATH NASKAR,M,SC,67,BSP,5165,5,1048827,1227376,7,85.45278708,8161961,5155545,2903075,956,77.51%,CPM,0
288,Mathurapur,West Bengal,PRANAB KUMAR JATUA,M,SC,46,IND,4942,6,1048827,1227376,7,85.45278708,8161961,5155545,2903075,956,77.51%,CPM,0
289,Mathurapur,West Bengal,PRADIP MANDAL,M,SC,35,RDMP,2021,7,1048827,1227376,7,85.45278708,8161961,5155545,2903075,956,77.51%,CPM,0
290,Medinipur,West Bengal,PRABODH PANDA,M,GEN,63,CPI,493021,1,1042496,1262983,10,82.54236201,5095875,4343972,743436,938,87.02%,CPI,1
291,Medinipur,West Bengal,DIPAK KUMAR GHOSH,M,GEN,72,AITC,445004,2,1042496,1262983,10,82.54236201,5095875,4343972,743436,938,87.02%,CPI,0
292,Medinipur,West Bengal,PRADIP PATNAIK,M,GEN,51,BJP,52061,3,1042496,1262983,10,82.54236201,5095875,4343972,743436,938,87.02%,CPI,0
293,Medinipur,West Bengal,ASOK KUMAR GOLDER,M,SC,62,BSP,12216,4,1042496,1262983,10,82.54236201,5095875,4343972,743436,938,87.02%,CPI,0
294,Medinipur,West Bengal,SANJAY MISHRA,M,GEN,49,IND,11092,5,1042496,1262983,10,82.54236201,5095875,4343972,743436,938,87.02%,CPI,0
295,Medinipur,West Bengal,NEPAL DAS,M,GEN,60,JMM,10324,6,1042496,1262983,10,82.54236201,5095875,4343972,743436,938,87.02%,CPI,0
296,Medinipur,West Bengal,PARTHA ADDHYA,M,GEN,32,IND,6974,7,1042496,1262983,10,82.54236201,5095875,4343972,743436,938,87.02%,CPI,0
297,Medinipur,West Bengal,AMIT MOITRA,M,GEN,63,IND,4290,8,1042496,1262983,10,82.54236201,5095875,4343972,743436,938,87.02%,CPI,0
298,Medinipur,West Bengal,MUKUL KUMAR MAITI,M,GEN,33,RDMP,4016,9,1042496,1262983,10,82.54236201,5095875,4343972,743436,938,87.02%,CPI,0
299,Medinipur,West Bengal,DE SUKUMAR,M,GEN,54,IND,3498,10,1042496,1262983,10,82.54236201,5095875,4343972,743436,938,87.02%,CPI,0
300,Murshidabad,West Bengal,ABDUL MANNAN HOSSAIN,M,GEN,56,INC,496348,1,1051791,1192899,11,88.1710019,7103807,2359061,4707573,958,66.59%,INC,1
301,Murshidabad,West Bengal,ANISUR RAHAMAN SARKAR,M,GEN,57,CPM,460701,2,1051791,1192899,11,88.1710019,7103807,2359061,4707573,958,66.59%,INC,0
302,Murshidabad,West Bengal,NIRMAL KUMAR SAHA,M,GEN,41,BJP,42290,3,1051791,1192899,11,88.1710019,7103807,2359061,4707573,958,66.59%,INC,0
303,Murshidabad,West Bengal,SANTWANA HALDER (SAHA),F,SC,32,IND,11991,4,1051791,1192899,11,88.1710019,7103807,2359061,4707573,958,66.59%,INC,0
304,Murshidabad,West Bengal,KHADIJA BANU,F,GEN,54,IND,9090,5,1051791,1192899,11,88.1710019,7103807,2359061,4707573,958,66.59%,INC,0
305,Murshidabad,West Bengal,DR.SUKUMAR GHOSH,M,SC,53,IND,8204,6,1051791,1192899,11,88.1710019,7103807,2359061,4707573,958,66.59%,INC,0
306,Murshidabad,West Bengal,CHITTA RANJAN MONDAL,M,GEN,32,BSP,7913,7,1051791,1192899,11,88.1710019,7103807,2359061,4707573,958,66.59%,INC,0
307,Murshidabad,West Bengal,ALAM MEHDI,M,GEN,43,IND,5897,8,1051791,1192899,11,88.1710019,7103807,2359061,4707573,958,66.59%,INC,0
308,Murshidabad,West Bengal,JAFORULLA MOLLA,M,GEN,54,AUDF,5630,9,1051791,1192899,11,88.1710019,7103807,2359061,4707573,958,66.59%,INC,0
309,Murshidabad,West Bengal,CHANDAN KR. MONDAL,M,SC,43,IND,1970,10,1051791,1192899,11,88.1710019,7103807,2359061,4707573,958,66.59%,INC,0
310,Murshidabad,West Bengal,MD. SAHAZAMAL,M,GEN,44,SP,1349,11,1051791,1192899,11,88.1710019,7103807,2359061,4707573,958,66.59%,INC,0
311,Purulia,West Bengal,NARAHARI MAHATO,M,GEN,54,AIFB,399201,1,904851,1257799,14,71.93923671,2930115,2373120,227249,957,64.48%,AIFB,1
312,Purulia,West Bengal,SHANTIRAM MAHATO,M,GEN,56,INC,379900,2,904851,1257799,14,71.93923671,2930115,2373120,227249,957,64.48%,AIFB,0
313,Purulia,West Bengal,AJIT PRASAD MAHATO,M,GEN,56,JMM,30799,3,904851,1257799,14,71.93923671,2930115,2373120,227249,957,64.48%,AIFB,0
314,Purulia,West Bengal,SAYANTAN BASU,M,GEN,32,BJP,21509,4,904851,1257799,14,71.93923671,2930115,2373120,227249,957,64.48%,AIFB,0
315,Purulia,West Bengal,ASIT BARAN MAHATO,M,GEN,38,BSP,20499,5,904851,1257799,14,71.93923671,2930115,2373120,227249,957,64.48%,AIFB,0
316,Purulia,West Bengal,MRITYUNJAY MAHATO,M,GEN,46,IND,15716,6,904851,1257799,14,71.93923671,2930115,2373120,227249,957,64.48%,AIFB,0
317,Purulia,West Bengal,MUKESH SAHU,M,SC,36,IND,9183,7,904851,1257799,14,71.93923671,2930115,2373120,227249,957,64.48%,AIFB,0
318,Purulia,West Bengal,BISAMBAR MURA,M,SC,42,IND,8739,8,904851,1257799,14,71.93923671,2930115,2373120,227249,957,64.48%,AIFB,0
319,Purulia,West Bengal,ABHIRAM BESRA,M,SC,41,JDP,6857,9,904851,1257799,14,71.93923671,2930115,2373120,227249,957,64.48%,AIFB,0
320,Purulia,West Bengal,ABINASH SAREN,M,ST,39,AMB,2942,10,904851,1257799,14,71.93923671,2930115,2373120,227249,957,64.48%,AIFB,0
321,Purulia,West Bengal,DHIREN RAJAK,M,SC,44,IND,2876,11,904851,1257799,14,71.93923671,2930115,2373120,227249,957,64.48%,AIFB,0
322,Purulia,West Bengal,AMULYA RATAN MAHATO,M,GEN,68,IND,2354,12,904851,1257799,14,71.93923671,2930115,2373120,227249,957,64.48%,AIFB,0
323,Purulia,West Bengal,DHIREN CHANDRA MAHATO,M,GEN,48,JD(U),2080,13,904851,1257799,14,71.93923671,2930115,2373120,227249,957,64.48%,AIFB,0
324,Purulia,West Bengal,UMACHARAN MAHATO,M,GEN,69,IND,1863,14,904851,1257799,14,71.93923671,2930115,2373120,227249,957,64.48%,AIFB,0
325,Raiganj,West Bengal,DEEPA DASMUNSI,F,GEN,48,INC,451776,1,898839,1108382,12,81.09469479,3007134,1482943,1501170,939,59.07%,INC,1
326,Raiganj,West Bengal,BIRESWAR LAHIRI,M,GEN,61,CPM,346573,2,898839,1108382,12,81.09469479,3007134,1482943,1501170,939,59.07%,INC,0
327,Raiganj,West Bengal,GOPESH CHANDRA SARKAR,M,GEN,66,BJP,37645,3,898839,1108382,12,81.09469479,3007134,1482943,1501170,939,59.07%,INC,0
328,Raiganj,West Bengal,ABDUL KARIM CHOWDHARY,M,GEN,62,IND,18427,4,898839,1108382,12,81.09469479,3007134,1482943,1501170,939,59.07%,INC,0
329,Raiganj,West Bengal,MANAS JANA,M,GEN,36,IND,10426,5,898839,1108382,12,81.09469479,3007134,1482943,1501170,939,59.07%,INC,0
330,Raiganj,West Bengal,FAIZ RAHAMAN,M,GEN,45,RDMP,7834,6,898839,1108382,12,81.09469479,3007134,1482943,1501170,939,59.07%,INC,0
331,Raiganj,West Bengal,AKHIL RANJAN MONDAL,M,GEN,62,BSP,7592,7,898839,1108382,12,81.09469479,3007134,1482943,1501170,939,59.07%,INC,0
332,Raiganj,West Bengal,SULEMAN HAFIJI,M,GEN,51,CPI(ML)(L),4316,8,898839,1108382,12,81.09469479,3007134,1482943,1501170,939,59.07%,INC,0
333,Raiganj,West Bengal,UPENDRA NATH DAS,M,SC,47,IND,4157,9,898839,1108382,12,81.09469479,3007134,1482943,1501170,939,59.07%,INC,0
334,Raiganj,West Bengal,ANIL BISWAS,M,SC,49,IND,3844,10,898839,1108382,12,81.09469479,3007134,1482943,1501170,939,59.07%,INC,0
335,Raiganj,West Bengal,NACHHIR ALI PRAMANIK,M,GEN,64,IND,3212,11,898839,1108382,12,81.09469479,3007134,1482943,1501170,939,59.07%,INC,0
336,Raiganj,West Bengal,MATIUR RAHMAN,M,GEN,49,JD(U),2597,12,898839,1108382,12,81.09469479,3007134,1482943,1501170,939,59.07%,INC,0
337,Ranaghat,West Bengal,SUCHARU RANJAN HALDAR,M,SC,69,AITC,575058,1,1147245,1329436,6,86.29561709,5167600,3728482,1382682,947,74.97%,NA,0
338,Ranaghat,West Bengal,BASUDEB BARMAN,M,SC,73,CPM,473235,2,1147245,1329436,6,86.29561709,5167600,3728482,1382682,947,74.97%,NA,0
339,Ranaghat,West Bengal,SUKALYAN RAY,M,SC,59,BJP,57844,3,1147245,1329436,6,86.29561709,5167600,3728482,1382682,947,74.97%,NA,0
340,Ranaghat,West Bengal,SATISH CHANDRA BISWAS,M,SC,64,BSP,19347,4,1147245,1329436,6,86.29561709,5167600,3728482,1382682,947,74.97%,NA,0
341,Ranaghat,West Bengal,MANMATHA BISWAS,M,SC,49,IND,12159,5,1147245,1329436,6,86.29561709,5167600,3728482,1382682,947,74.97%,NA,0
342,Ranaghat,West Bengal,NADIAR CHAND MANDAL,M,SC,54,IND,9585,6,1147245,1329436,6,86.29561709,5167600,3728482,1382682,947,74.97%,NA,0
343,Srerampur,West Bengal,KALYAN BANERJEE,M,GEN,52,AITC,569725,1,1081544,1395570,8,77.49836984,5519145,4574569,870204,961,81.80%,CPM,0
344,Srerampur,West Bengal,SANTASRI CHATTERJEE,M,GEN,69,CPM,432535,2,1081544,1395570,8,77.49836984,5519145,4574569,870204,961,81.80%,CPM,1
345,Srerampur,West Bengal,DEBABRATA CHOWDHURY,M,GEN,72,BJP,38476,3,1081544,1395570,8,77.49836984,5519145,4574569,870204,961,81.80%,CPM,0
346,Srerampur,West Bengal,SEKH SOLEMAN,M,GEN,61,IND,14252,4,1081544,1395570,8,77.49836984,5519145,4574569,870204,961,81.80%,CPM,0
347,Srerampur,West Bengal,PRADIP GHOSH,M,GEN,56,AUDF,11803,5,1081544,1395570,8,77.49836984,5519145,4574569,870204,961,81.80%,CPM,0
348,Srerampur,West Bengal,RAKESH KUMAR GAUTAM,M,SC,37,BSP,7245,6,1081544,1395570,8,77.49836984,5519145,4574569,870204,961,81.80%,CPM,0
349,Srerampur,West Bengal,AMITAVA BHATTACHARYA,M,GEN,41,IND,3718,7,1081544,1395570,8,77.49836984,5519145,4574569,870204,961,81.80%,CPM,0
350,Srerampur,West Bengal,CHIRANJIT NASKAR,M,SC,33,IND,3648,8,1081544,1395570,8,77.49836984,5519145,4574569,870204,961,81.80%,CPM,0
351,Tamluk,West Bengal,ADHIKARI SUVENDU,M,GEN,39,AITC,637664,1,1148514,1271230,9,90.34667212,5095875,4343972,743436,938,87.02%,CPM,0
352,Tamluk,West Bengal,LAKSHMAN CHANDRA SETH,M,GEN,59,CPM,464706,2,1148514,1271230,9,90.34667212,5095875,4343972,743436,938,87.02%,CPM,1
353,Tamluk,West Bengal,RAJYASHREE CHAUDHURI,F,GEN,40,BJP,20573,3,1148514,1271230,9,90.34667212,5095875,4343972,743436,938,87.02%,CPM,0
354,Tamluk,West Bengal,JAHED SEK,M,GEN,41,AUDF,8486,4,1148514,1271230,9,90.34667212,5095875,4343972,743436,938,87.02%,CPM,0
355,Tamluk,West Bengal,MANORANJAN MANDAL,M,SC,65,BSP,5891,5,1148514,1271230,9,90.34667212,5095875,4343972,743436,938,87.02%,CPM,0
356,Tamluk,West Bengal,SHEIKH NURUL ISLAM,M,GEN,55,IND,5401,6,1148514,1271230,9,90.34667212,5095875,4343972,743436,938,87.02%,CPM,0
357,Tamluk,West Bengal,MANIK CHANDRA MONDAL,M,SC,33,LJP,2044,7,1148514,1271230,9,90.34667212,5095875,4343972,743436,938,87.02%,CPM,0
358,Tamluk,West Bengal,BHAKTI ADHIKARY,M,GEN,45,IND,1985,8,1148514,1271230,9,90.34667212,5095875,4343972,743436,938,87.02%,CPM,0
359,Tamluk,West Bengal,ABDUR REJAK SEIKH,M,GEN,29,IND,1456,9,1148514,1271230,9,90.34667212,5095875,4343972,743436,938,87.02%,CPM,0
360,Uluberia,West Bengal,SULTAN AHMED,M,GEN,56,AITC,514193,1,1009851,1251590,9,80.68544811,4850029,3535844,1270641,939,83.31%,CPM,0
361,Uluberia,West Bengal,HANNAN MOLLAH,M,GEN,63,CPM,415257,2,1009851,1251590,9,80.68544811,4850029,3535844,1270641,939,83.31%,CPM,1
362,Uluberia,West Bengal,RAHUL CHAKRABARTY,M,GEN,38,BJP,42434,3,1009851,1251590,9,80.68544811,4850029,3535844,1270641,939,83.31%,CPM,0
363,Uluberia,West Bengal,KAZI NABAB,M,GEN,36,AUDF,11238,4,1009851,1251590,9,80.68544811,4850029,3535844,1270641,939,83.31%,CPM,0
364,Uluberia,West Bengal,NARENDRA NATH MANDAL,M,SC,67,BSP,7714,5,1009851,1251590,9,80.68544811,4850029,3535844,1270641,939,83.31%,CPM,0
365,Uluberia,West Bengal,SEKH AORANGJEB,M,GEN,44,IND,6475,6,1009851,1251590,9,80.68544811,4850029,3535844,1270641,939,83.31%,CPM,0
366,Uluberia,West Bengal,SWAPAN DAS,M,SC,31,IND,6005,7,1009851,1251590,9,80.68544811,4850029,3535844,1270641,939,83.31%,CPM,0
367,Uluberia,West Bengal,RABIN DOLUI,M,GEN,45,RDMP,3362,8,1009851,1251590,9,80.68544811,4850029,3535844,1270641,939,83.31%,CPM,0
368,Uluberia,West Bengal,ASHISH DAS,M,SC,36,IND,3141,9,1009851,1251590,9,80.68544811,4850029,3535844,1270641,939,83.31%,CPM,0
